City_ID,City,Country,Lat,Lng,Max Temp,Humidity,Cloudiness,Wind Speed,Current Description
0,Hermanus,ZA,-34.4187,19.2345,57.67,69,40,4.83,scattered clouds
1,Vaini,TO,-21.2,-175.2,84.36,84,75,9.22,broken clouds
2,Baker City,US,44.7749,-117.8344,24.51,58,0,4.61,clear sky
3,Ismailia,EG,30.6043,32.2723,61.32,75,11,7.87,few clouds
4,Rikitea,PF,-23.1203,-134.9692,74.91,77,7,12.75,clear sky
5,Hithadhoo,MV,-0.6,73.0833,82.69,71,100,11.79,light rain
6,Boguchany,RU,58.3814,97.4531,-12.48,100,70,3.78,broken clouds
7,Port Alfred,ZA,-33.5906,26.891,62.19,91,100,6.93,overcast clouds
8,Airai,TL,-8.9266,125.4092,76.71,39,96,0.87,overcast clouds
9,Havoysund,NO,70.9963,24.6622,28.63,78,26,9.69,scattered clouds
10,Jamestown,US,42.097,-79.2353,36.99,56,100,12.66,overcast clouds
11,Port Elizabeth,ZA,-33.918,25.5701,63.32,85,100,1.01,overcast clouds
12,Brae,GB,60.3964,-1.353,43.57,71,100,10.54,overcast clouds
13,Ancud,CL,-41.8697,-73.8203,52.25,92,48,3.62,scattered clouds
14,Tasiilaq,GL,65.6145,-37.6368,32.16,96,100,10.54,snow
15,Mizdah,LY,31.4451,12.9801,58.08,30,1,4.27,clear sky
16,Barrow,US,71.2906,-156.7887,1.42,85,0,10.36,clear sky
17,Prince Rupert,CA,54.3161,-130.3201,31.69,67,0,8.05,clear sky
18,Tual,ID,-5.6667,132.75,83.53,70,63,4.07,broken clouds
19,Cape Town,ZA,-33.9258,18.4232,61.88,70,20,14.97,few clouds
20,Shingu,JP,33.7333,135.9833,55.47,70,100,3.31,overcast clouds
21,Punta Arenas,CL,-53.15,-70.9167,42.91,65,20,14.97,few clouds
22,Tilichiki,RU,60.4667,166.1,3.42,79,20,6.85,few clouds
23,Cidreira,BR,-30.1811,-50.2056,71.51,97,100,5.08,overcast clouds
24,Mataura,NZ,-46.1927,168.8643,61.56,55,99,10.09,light rain
25,Longyearbyen,SJ,78.2186,15.6401,28.24,80,75,17.27,light snow
26,Nikolskoye,RU,59.7035,30.7861,22.91,88,100,8.23,overcast clouds
27,Sitka,US,57.0531,-135.33,33.69,69,0,4.61,clear sky
28,Tiksi,RU,71.6872,128.8694,-9.63,94,100,18.43,overcast clouds
29,Iwanai,JP,42.9744,140.5089,25.47,78,100,18.97,light snow
30,Hobart,AU,-42.8794,147.3294,68.05,68,75,11.5,broken clouds
31,Kempsey,AU,-31.0833,152.8333,72.95,55,92,8.99,overcast clouds
32,Khatanga,RU,71.9667,102.5,15.37,92,100,26.11,light snow
33,Albany,US,42.6001,-73.9662,41.41,65,15,4.0,few clouds
34,Arraial Do Cabo,BR,-22.9661,-42.0278,72.79,91,97,25.57,overcast clouds
35,Mahon,ES,39.8885,4.2658,50.56,93,0,6.91,clear sky
36,Sola,VU,-13.8833,167.55,82.17,68,96,11.65,overcast clouds
37,Klaksvik,FO,62.2266,-6.589,43.72,93,100,6.31,overcast clouds
38,Provideniya,RU,64.3833,-173.3,31.8,97,100,10.6,snow
39,Bambous Virieux,MU,-20.3428,57.7575,73.65,83,40,0.0,scattered clouds
40,Saldanha,ZA,-33.0117,17.9442,57.25,75,53,19.51,broken clouds
41,Esperance,AU,-33.8667,121.9,66.52,70,100,17.81,light rain
42,Betioky,MG,-23.7167,44.3833,71.19,78,14,1.48,few clouds
43,Ushuaia,AR,-54.8,-68.3,38.86,87,75,13.8,broken clouds
44,Grindavik,IS,63.8424,-22.4338,36.07,100,75,5.75,broken clouds
45,Chihuahua,MX,28.5,-106.0,68.2,45,59,5.08,broken clouds
46,Mondlo,ZA,-27.983,30.7177,56.57,94,100,5.86,overcast clouds
47,Aklavik,CA,68.2191,-135.0107,13.33,78,83,25.26,broken clouds
48,Gejiu,CN,23.306,103.1635,51.62,89,73,4.47,broken clouds
49,Lebu,CL,-37.6167,-73.65,55.74,89,6,11.07,clear sky
50,Bredasdorp,ZA,-34.5322,20.0403,54.03,71,9,1.72,clear sky
51,Souillac,MU,-20.5167,57.5167,73.78,83,40,0.0,scattered clouds
52,Nacala,MZ,-14.5428,40.6728,75.99,91,21,5.37,few clouds
53,Dikson,RU,73.5069,80.5464,28.31,93,100,22.28,overcast clouds
54,Pooler,US,32.1155,-81.2471,68.07,79,75,6.91,broken clouds
55,Kirakira,SB,-10.4544,161.9205,83.86,75,100,9.28,overcast clouds
56,Ostrovnoy,RU,68.0531,39.5131,18.55,89,35,9.37,scattered clouds
57,Codrington,AU,-38.2667,141.9667,84.2,40,100,10.63,overcast clouds
58,Araouane,ML,18.9048,-3.5265,74.37,18,95,9.57,overcast clouds
59,Bluff,NZ,-46.6,168.3333,57.72,75,100,28.45,light rain
60,Thompson,CA,55.7435,-97.8558,-18.24,76,20,4.61,few clouds
61,Devarkonda,IN,16.7,78.9333,71.64,88,61,4.76,broken clouds
62,Brasileia,BR,-11.0161,-68.7481,72.21,93,100,2.93,overcast clouds
63,Abu Samrah,SY,35.3029,37.1841,54.1,71,100,2.19,overcast clouds
64,Kutum,SD,14.2,24.6667,59.34,26,7,8.7,clear sky
65,Hambantota,LK,6.1241,81.1185,73.74,100,40,1.14,scattered clouds
66,Cherskiy,RU,68.75,161.3,6.28,96,100,4.05,light snow
67,Kavieng,PG,-2.5744,150.7967,80.4,78,100,5.46,overcast clouds
68,Kargat,RU,55.1956,80.2811,-5.84,96,100,5.55,overcast clouds
69,Dingle,PH,10.9995,122.6711,83.57,76,67,9.84,broken clouds
70,Cayenne,GF,4.9333,-52.3333,73.44,94,75,1.14,broken clouds
71,Puerto Ayora,EC,-0.7393,-90.3518,69.55,94,60,4.0,broken clouds
72,Yerofey Pavlovich,RU,53.9667,121.9667,-10.08,80,100,3.4,overcast clouds
73,Los Llanos De Aridane,ES,28.6585,-17.9182,60.55,86,20,8.05,few clouds
74,East London,ZA,-33.0153,27.9116,64.38,82,100,5.55,light rain
75,Muros,ES,42.7762,-9.0603,42.84,84,3,10.69,clear sky
76,Moron,AR,-34.6534,-58.6198,73.09,65,0,6.8,clear sky
77,Tuatapere,NZ,-46.1333,167.6833,59.94,65,99,12.39,overcast clouds
78,Chokurdakh,RU,70.6333,147.9167,-21.32,97,63,11.27,broken clouds
79,Kalmunai,LK,7.4167,81.8167,77.85,84,65,6.06,broken clouds
80,Acapulco,MX,16.8634,-99.8901,79.07,72,0,6.76,clear sky
81,Didwana,IN,27.4,74.5667,56.48,38,0,3.29,clear sky
82,Adrar,MR,20.5022,-10.0711,68.13,23,0,6.11,clear sky
83,Ponta Do Sol,PT,32.6667,-17.1,62.01,77,59,10.67,light rain
84,Luang Prabang,LA,19.8856,102.1347,71.56,88,75,0.0,mist
85,Calgary,CA,51.0501,-114.0853,18.77,61,0,8.05,clear sky
86,Hilo,US,19.7297,-155.09,80.28,85,100,10.36,overcast clouds
87,Guerrero Negro,MX,27.9769,-114.0611,64.56,79,92,9.06,overcast clouds
88,Busselton,AU,-33.65,115.3333,67.6,57,70,15.64,broken clouds
89,Butaritari,KI,3.0707,172.7902,81.09,78,14,13.18,few clouds
90,Oyama,JP,36.3,139.8,49.59,33,8,0.72,clear sky
91,Kapaa,US,22.0752,-159.319,82.72,68,0,11.5,clear sky
92,Puerto Escondido,MX,15.85,-97.0667,78.66,63,4,3.85,clear sky
93,Emilio Carranza,MX,19.9711,-96.6114,73.51,87,4,4.92,clear sky
94,Atuona,PF,-9.8,-139.0333,77.67,78,2,14.88,light rain
95,Formosa,AR,-26.1775,-58.1781,78.78,83,0,5.75,clear sky
96,Nouakchott,MR,18.0858,-15.9785,60.73,67,0,8.72,clear sky
97,Itzehoe,DE,53.921,9.5153,32.09,83,20,8.41,few clouds
98,Ewa Beach,US,21.3156,-158.0072,84.15,58,75,13.8,broken clouds
99,Burnie,AU,-41.0667,145.9167,69.94,66,99,6.24,overcast clouds
100,Mar Del Plata,AR,-38.0023,-57.5575,65.95,79,0,5.75,clear sky
101,Simand,RO,46.4333,21.45,37.45,83,100,2.73,overcast clouds
102,Pevek,RU,69.7008,170.3133,9.61,77,100,4.34,overcast clouds
103,Rudarpur,IN,26.4394,83.6144,59.67,65,0,4.27,clear sky
104,Sungaipenuh,ID,-2.0833,101.3833,72.25,79,98,3.04,heavy intensity rain
105,Camacha,PT,33.0833,-16.3333,56.62,77,40,3.44,scattered clouds
106,Praya,CV,14.9215,-23.5087,70.34,64,20,4.61,few clouds
107,Yellowknife,CA,62.456,-114.3525,31.78,89,100,21.25,light snow
108,Lindi,TZ,-10.0,39.7167,73.85,90,53,2.35,broken clouds
109,Bethel,US,41.3712,-73.414,52.63,58,0,12.66,clear sky
110,Saint-Philippe,RE,-21.3585,55.7679,74.79,85,92,9.19,light rain
111,Bolekhiv,UA,49.0661,23.8643,32.2,94,100,6.11,overcast clouds
112,Goure,NE,13.9835,10.2704,71.82,23,83,11.01,broken clouds
113,Northam,GB,51.0333,-4.2167,41.4,75,100,14.16,overcast clouds
114,Puerto Ayacucho,VE,5.6639,-67.6236,74.64,89,34,4.85,scattered clouds
115,Katsuura,JP,35.1333,140.3,60.82,56,100,20.0,overcast clouds
116,Marratxi,ES,39.6421,2.7539,50.9,93,20,4.61,light rain
117,Tuktoyaktuk,CA,69.4541,-133.0374,10.4,85,75,21.85,light snow
118,Rio Cuarto,AR,-33.1307,-64.3499,74.97,27,0,5.75,clear sky
119,Narsaq,GL,60.9167,-46.05,21.42,75,2,8.86,clear sky
120,Mahebourg,MU,-20.4081,57.7,73.69,83,40,0.0,scattered clouds
121,Saint-Paul,RE,-21.0096,55.2707,75.31,82,9,2.24,clear sky
122,Olafsvik,IS,64.8945,-23.7142,40.64,83,98,10.25,overcast clouds
123,Chuy,UY,-33.6971,-53.4616,65.16,96,93,3.22,overcast clouds
124,Inhambane,MZ,-23.865,35.3833,75.22,92,4,0.74,light rain
125,Armizonskoye,RU,55.9461,67.6736,-0.62,91,97,6.85,overcast clouds
126,Sibolga,ID,1.7427,98.7792,76.75,91,100,2.57,overcast clouds
127,The Valley,AI,18.217,-63.0578,78.1,71,1,12.28,clear sky
128,Clyde River,CA,70.4692,-68.5914,-0.17,65,2,20.71,clear sky
129,Alpena,US,45.0617,-83.4327,27.18,77,100,5.75,overcast clouds
130,Avarua,CK,-21.2078,-159.775,84.25,79,100,8.05,overcast clouds
131,Pipraich,IN,26.8264,83.53,59.97,70,0,4.41,clear sky
132,Dunedin,NZ,-45.8742,170.5036,64.8,50,100,13.8,light rain
133,Lufilufi,WS,-13.8745,-171.5986,91.18,75,12,9.06,light rain
134,Port Keats,AU,-14.25,129.55,92.26,44,89,9.84,overcast clouds
135,Castro,BR,-24.7911,-50.0119,64.63,94,100,3.49,overcast clouds
136,Saint-Joseph,RE,-21.3667,55.6167,73.78,84,83,9.8,broken clouds
137,Isangel,VU,-19.55,169.2667,84.34,74,100,8.61,overcast clouds
138,Khuzhir,RU,53.1939,107.3397,8.19,71,100,13.15,overcast clouds
139,Piacabucu,BR,-10.4056,-36.4344,75.56,86,100,8.66,overcast clouds
140,Constitucion,CL,-35.3333,-72.4167,57.06,72,76,13.31,broken clouds
141,Christchurch,NZ,-43.5333,172.6333,78.48,46,60,12.66,broken clouds
142,Bella Union,UY,-30.2752,-57.6007,69.8,93,100,6.62,overcast clouds
143,Saint Anthony,US,45.0205,-93.218,10.9,74,0,1.01,clear sky
144,Korla,CN,41.7597,86.1469,20.7,38,79,1.23,broken clouds
145,Coracao De Jesus,BR,-16.6853,-44.365,64.53,83,100,6.82,light rain
146,Pangnirtung,CA,66.1451,-65.7125,5.61,70,100,9.95,overcast clouds
147,Luau,AO,-10.7073,22.2247,60.33,95,97,2.48,overcast clouds
148,Bose,IT,45.4612,8.0137,43.2,94,100,3.69,light rain
149,Manfredonia,IT,41.6259,15.9094,55.87,88,20,10.36,few clouds
150,Luga,RU,58.7372,29.8453,24.28,93,100,7.49,light snow
151,Ribeira Grande,PT,38.5167,-28.7,59.77,78,99,25.01,light rain
152,Isla Mujeres,MX,21.2311,-86.731,75.25,82,33,14.94,light rain
153,Anadyr,RU,64.75,177.4833,27.1,86,100,29.08,shower snow
154,Senador Jose Porfirio,BR,-2.5908,-51.9542,75.33,89,100,4.25,overcast clouds
155,Fukue,JP,32.6881,128.8419,57.56,72,75,12.66,broken clouds
156,Kodiak,US,57.79,-152.4072,26.11,74,0,5.75,clear sky
157,Kisangani,CD,0.5167,25.2,69.78,97,100,2.28,overcast clouds
158,San Patricio,US,28.017,-97.5169,71.46,84,100,9.04,overcast clouds
159,Victoria,HK,22.2855,114.1577,70.32,83,59,8.99,broken clouds
160,Placido De Castro,BR,-10.3353,-67.1856,73.74,80,98,2.55,overcast clouds
161,La Rioja,ES,42.25,-2.5,28.18,91,34,4.12,scattered clouds
162,Okha,RU,53.5739,142.9478,4.44,85,100,21.9,light snow
163,Solano,US,38.2333,-121.9511,49.8,92,100,10.36,heavy intensity rain
164,Leshukonskoye,RU,64.8989,45.7622,-1.89,98,20,4.34,few clouds
165,Torbay,CA,47.6666,-52.7314,33.28,78,75,6.91,broken clouds
166,Cabo San Lucas,MX,22.8909,-109.9124,79.52,72,4,7.2,clear sky
167,Westport,US,41.1415,-73.3579,54.07,63,40,21.85,scattered clouds
168,Norman Wells,CA,65.282,-126.8329,30.24,51,100,24.16,overcast clouds
169,Pangody,RU,65.85,74.4859,-9.56,99,36,4.38,scattered clouds
170,Cordoba,AR,-31.4135,-64.1811,79.18,49,0,9.22,clear sky
171,Udachnyy,RU,66.4167,112.4,10.45,84,100,27.65,overcast clouds
172,Quzhou,CN,28.9594,118.8686,48.4,93,100,8.46,overcast clouds
173,New Norfolk,AU,-42.7826,147.0587,67.71,31,100,3.53,overcast clouds
174,Buala,SB,-8.145,159.5921,81.95,80,100,5.61,moderate rain
175,Belmonte,BR,-15.8631,-38.8828,73.63,90,98,7.34,light rain
176,Nuuk,GL,64.1835,-51.7216,29.01,69,75,25.32,light snow
177,Valparaiso,CL,-33.0393,-71.6273,64.47,100,0,5.75,clear sky
178,Gat,IL,31.61,34.7642,63.39,59,58,2.71,broken clouds
179,Galle,LK,6.0367,80.217,76.82,83,92,3.94,overcast clouds
180,Kaitangata,NZ,-46.2817,169.8464,62.55,53,100,11.36,overcast clouds
181,Takoradi,GH,4.8845,-1.7554,77.31,87,85,5.41,overcast clouds
182,Whitehorse,CA,60.7161,-135.0538,18.37,85,75,3.44,broken clouds
183,Paracatu,BR,-17.2222,-46.8747,67.51,93,100,5.35,overcast clouds
184,Paamiut,GL,61.994,-49.6678,17.71,70,12,14.76,few clouds
185,Beloha,MG,-25.1667,45.05,72.05,70,40,4.03,scattered clouds
186,Pasighat,IN,28.0667,95.3333,67.95,43,6,0.85,clear sky
187,Tortoli,IT,39.9256,9.6572,53.42,82,0,11.5,clear sky
188,Betafo,MG,-19.8333,46.85,60.42,90,9,3.91,clear sky
189,Outlook,CA,51.5001,-107.0513,8.91,77,27,15.14,scattered clouds
190,Bilibino,RU,68.0546,166.4372,5.59,84,100,4.07,overcast clouds
191,Sioux Lookout,CA,50.1001,-91.917,1.47,85,75,12.66,broken clouds
192,Fortuna,US,40.5982,-124.1573,49.12,77,100,3.44,light rain
193,Srednekolymsk,RU,67.45,153.6833,-41.19,100,51,3.42,broken clouds
194,Gilgit,PK,35.9221,74.3087,39.65,56,74,1.88,broken clouds
195,Elat,IL,29.5581,34.9482,60.64,59,0,4.61,clear sky
196,Nhulunbuy,AU,-12.2333,136.7667,90.21,58,40,10.36,scattered clouds
197,Sao Filipe,CV,14.8961,-24.4956,71.74,64,99,3.94,overcast clouds
198,Lensk,RU,60.7253,114.9278,1.17,93,100,15.55,light snow
199,Touros,BR,-5.1989,-35.4608,78.37,76,4,15.12,clear sky
200,Yangjiang,CN,21.85,111.9667,67.6,77,100,7.72,overcast clouds
201,Marsh Harbour,BS,26.5412,-77.0636,75.34,61,0,16.55,clear sky
202,Ahuimanu,US,21.4447,-157.8378,83.91,71,40,13.8,scattered clouds
203,Verkhnevilyuysk,RU,63.4453,120.3167,-6.32,98,100,5.75,overcast clouds
204,Batemans Bay,AU,-35.7167,150.1833,70.11,48,0,10.87,clear sky
205,Mount Isa,AU,-20.7333,139.5,91.17,18,0,8.05,clear sky
206,Pahrump,US,36.2083,-115.9839,57.51,46,6,3.0,clear sky
207,Beni,CD,0.5,29.4667,59.77,99,82,0.87,broken clouds
208,Caceres,ES,39.522,-6.3748,48.4,92,98,1.95,overcast clouds
209,Kidal,ML,18.4411,1.4078,73.15,15,73,11.56,broken clouds
210,Tukums,LV,56.9669,23.1553,25.95,97,100,4.61,light snow
211,Sept-Iles,CA,50.2001,-66.3821,37.92,98,100,13.8,light rain
212,Georgetown,MY,5.4112,100.3354,80.53,89,20,3.44,mist
213,Peniche,PT,39.3558,-9.3811,53.29,94,13,8.46,few clouds
214,Van,TR,38.4924,43.3831,31.35,86,20,2.3,few clouds
215,Labuhan,ID,-6.8844,112.2051,83.46,72,100,4.14,overcast clouds
216,Sur,OM,22.5667,59.5289,72.3,63,0,5.77,clear sky
217,Coahuayana,MX,18.7333,-103.6833,75.92,87,78,1.23,broken clouds
218,Rafai,CF,4.95,23.9167,68.56,49,8,2.75,clear sky
219,Havelock,US,34.8791,-76.9013,66.18,90,100,5.75,overcast clouds
220,Cap Malheureux,MU,-19.9842,57.6142,72.46,77,12,3.0,few clouds
221,Bilma,NE,18.6853,12.9164,70.72,21,4,9.42,clear sky
222,Stokke,NO,59.2236,10.3003,32.65,79,100,9.22,overcast clouds
223,Salalah,OM,17.0151,54.0924,71.69,64,0,5.75,clear sky
224,Pierre,US,44.3683,-100.351,29.28,63,0,7.0,clear sky
225,Lavrentiya,RU,65.5833,-171.0,31.24,99,100,10.22,snow
226,Acarau,BR,-2.8856,-40.12,79.57,79,21,17.07,few clouds
227,Poum,NC,-20.2333,164.0167,80.26,81,100,10.92,light rain
228,Svetlaya,RU,46.5389,138.3297,7.72,55,100,12.75,overcast clouds
229,Namatanai,PG,-3.6667,152.4333,85.57,65,85,5.66,overcast clouds
230,Iralaya,HN,15.0,-83.2333,77.92,85,14,11.45,light rain
231,Coihaique,CL,-45.5752,-72.0662,49.95,50,0,6.91,clear sky
232,Deputatskiy,RU,69.3,139.9,-17.72,96,100,5.23,overcast clouds
233,Grand Baie,MU,-20.0182,57.5802,73.87,77,10,3.0,clear sky
234,Flinders,AU,-34.5833,150.8552,78.19,62,0,7.0,clear sky
235,Karpinsk,RU,59.7654,60.0085,8.91,91,100,3.42,overcast clouds
236,Pacific Grove,US,36.6177,-121.9166,55.65,92,100,0.0,overcast clouds
237,San Juan Del Sur,NI,11.2529,-85.8705,77.83,81,2,20.38,clear sky
238,Dulce Grande,MX,23.0,-102.1667,61.43,73,0,18.48,clear sky
239,Mackenzie,CA,55.2999,-123.1698,-0.18,78,0,4.61,clear sky
240,Yerbogachen,RU,61.2767,108.0108,-2.58,95,100,10.13,overcast clouds
241,Abu Dhabi,AE,24.4667,54.3667,71.62,78,0,2.3,clear sky
242,Rawson,AR,-43.3002,-65.1023,70.2,31,26,13.13,scattered clouds
243,Saint Andrews,US,34.0454,-81.1293,62.19,77,20,5.75,few clouds
244,Umm Kaddadah,SD,13.6017,26.6876,66.0,34,0,14.32,clear sky
245,Talnakh,RU,69.4865,88.3972,-2.79,99,100,5.79,light snow
246,Nuevitas,CU,21.5453,-77.2644,77.9,64,97,14.47,overcast clouds
247,Ippy,CF,6.2679,21.2247,70.27,33,31,3.87,scattered clouds
248,Mandaguacu,BR,-23.3472,-52.0953,78.4,73,40,9.22,thunderstorm with light rain
249,Beringovskiy,RU,63.05,179.3167,33.85,99,100,11.27,snow
250,Khaniotis,GR,39.9991,23.58,54.57,77,100,8.88,overcast clouds
251,Namibe,AO,-15.1961,12.1522,70.14,85,99,4.07,overcast clouds
252,Bonthe,SL,7.5264,-12.505,76.53,85,80,2.28,broken clouds
253,Lagoa,PT,39.05,-27.9833,59.45,68,8,31.68,clear sky
254,Fare,PF,-16.7,-151.0167,80.85,76,34,18.23,light rain
255,Bambari,CF,5.768,20.6757,72.68,35,81,2.98,broken clouds
256,Tahta,EG,26.7693,31.5021,59.92,62,100,8.16,overcast clouds
257,Solikamsk,RU,59.6196,56.7729,9.05,96,99,6.55,overcast clouds
258,Severo-Kurilsk,RU,50.6789,156.125,34.79,89,96,17.52,overcast clouds
259,Chapais,CA,49.7834,-74.8492,19.18,90,100,15.3,overcast clouds
260,Harper,LR,4.375,-7.7169,76.84,84,100,3.44,overcast clouds
261,Djambala,CG,-2.5447,14.7533,66.61,91,100,1.32,overcast clouds
262,Varna,BG,43.2167,27.9167,37.54,93,100,2.3,overcast clouds
263,Kirkconnel,GB,55.3856,-3.9984,35.35,87,96,11.95,overcast clouds
264,Portland,US,45.5234,-122.6762,40.93,59,20,24.16,few clouds
265,Langsa,ID,4.4683,97.9683,80.13,75,100,4.32,overcast clouds
266,Sergeyevka,KZ,53.88,67.4158,-5.49,91,14,5.19,few clouds
267,Port Blair,IN,11.6667,92.75,82.44,83,40,4.61,scattered clouds
268,Noumea,NC,-22.2763,166.4572,80.58,88,100,5.28,moderate rain
269,Vorontsovka,RU,50.6132,40.3549,15.82,68,28,10.87,scattered clouds
270,Ust-Ishim,RU,57.6935,71.1665,6.1,95,100,5.23,light snow
271,Sao Gabriel Da Cachoeira,BR,-0.1303,-67.0892,72.73,99,97,0.65,overcast clouds
272,Eureka,US,40.8021,-124.1637,51.21,90,100,5.01,overcast clouds
273,Komsomolskiy,UZ,40.4272,71.7189,34.52,93,75,0.0,mist
274,Pemangkat,ID,1.1667,108.9667,81.55,78,93,3.27,overcast clouds
275,Broome,US,42.2506,-75.833,38.98,73,100,10.36,overcast clouds
276,Moose Factory,CA,51.2585,-80.6094,1.4,71,0,16.11,clear sky
277,Bang Saphan,TH,11.2126,99.5117,79.27,84,89,8.16,heavy intensity rain
278,Garowe,SO,8.4054,48.4845,68.38,69,12,9.55,few clouds
279,Hofn,IS,64.2539,-15.2082,36.91,56,0,5.12,clear sky
280,Kemi,FI,65.8596,24.8228,24.57,86,100,3.44,overcast clouds
281,Filadelfia,US,39.9523,-75.1638,52.05,63,0,19.57,clear sky
282,Tsumeb,NA,-19.2333,17.7167,79.27,30,41,6.29,scattered clouds
283,Vila Velha,BR,-20.3297,-40.2925,71.94,97,100,3.44,overcast clouds
284,Xuddur,SO,4.1213,43.8894,69.57,91,9,13.29,clear sky
285,Onoda,JP,34.0014,131.1836,53.62,82,75,3.44,broken clouds
286,Gaeta,IT,41.2183,13.5628,54.19,91,100,6.26,overcast clouds
287,Copiapo,CL,-27.3667,-70.3333,56.89,51,0,1.3,clear sky
288,Cody,US,44.5263,-109.0565,21.2,63,0,9.22,clear sky
289,Coquimbo,CL,-29.9533,-71.3436,58.73,88,0,4.61,clear sky
290,Batagay-Alyta,RU,67.8006,130.4114,-7.94,92,100,3.42,overcast clouds
291,Yeppoon,AU,-23.1333,150.7333,78.58,60,15,10.67,few clouds
292,Mareeba,AU,-17.0,145.4333,86.43,52,7,3.87,clear sky
293,Goya,AR,-29.14,-59.2626,73.67,74,14,7.56,few clouds
294,Shellbrook,CA,53.2168,-106.4011,-2.97,84,95,11.59,overcast clouds
295,Faya,SA,18.3851,42.4509,51.91,87,0,1.57,clear sky
296,Nantucket,US,41.2835,-70.0995,57.34,93,100,21.85,mist
297,Naze,JP,28.3667,129.4833,72.52,79,73,2.15,broken clouds
298,Sorland,NO,67.667,12.6934,37.26,73,100,16.75,overcast clouds
299,Ravar,IR,31.2656,56.8055,45.59,57,8,1.57,clear sky
300,Urdoma,RU,61.7533,48.5442,4.08,98,53,2.68,broken clouds
301,Uvalde,US,29.3669,-99.767,62.4,55,100,0.0,overcast clouds
302,Tucuman,AR,-26.8241,-65.2226,75.2,60,0,4.61,clear sky
303,Margate,GB,51.3813,1.3862,41.7,81,100,4.0,overcast clouds
304,Ukiah,US,39.1502,-123.2078,47.44,93,100,3.44,mist
305,Ambanja,MG,-13.6833,48.45,73.72,93,13,2.3,light rain
306,Gamba,GA,-2.65,10.0,73.98,93,100,3.8,light rain
307,Moyobamba,PE,-6.05,-76.9667,65.25,98,26,0.09,scattered clouds
308,Aitape,PG,-3.1374,142.3475,78.35,88,100,5.93,moderate rain
309,Puerto Narino,CO,-3.7703,-70.3831,73.72,96,100,1.52,overcast clouds
310,Garden City,US,42.3256,-83.331,30.88,72,20,6.91,few clouds
311,Dzilam Gonzalez,MX,21.2833,-88.9333,76.68,77,0,9.22,clear sky
312,Evensk,RU,61.95,159.2333,-5.76,79,7,9.08,clear sky
313,Larap,PH,14.299,122.6504,81.57,84,80,9.31,broken clouds
314,San Jose,US,37.3394,-121.895,55.58,93,100,4.61,moderate rain
315,Matara,LK,5.9485,80.5353,76.33,86,96,4.99,overcast clouds
316,Novyye Burasy,RU,52.1324,46.0714,7.81,84,19,5.44,few clouds
317,Port Lincoln,AU,-34.7333,135.8667,74.5,53,81,13.58,broken clouds
318,Najran,SA,17.4924,44.1277,56.05,53,0,1.79,clear sky
319,Arlit,NE,18.7369,7.3853,73.2,16,6,6.85,clear sky
320,Zyryanka,RU,65.75,150.85,-37.89,97,11,6.44,few clouds
321,Vidim,RU,56.4088,103.1106,1.06,95,100,6.67,overcast clouds
322,Bosaso,SO,11.2842,49.1816,72.84,73,0,4.72,clear sky
323,Sangmelima,CM,2.9333,11.9833,67.01,98,79,2.04,broken clouds
324,Pisco,PE,-13.7,-76.2167,67.01,82,0,11.5,clear sky
325,Meulaboh,ID,4.1363,96.1285,78.44,81,95,2.73,overcast clouds
326,Kasongo,CD,-4.45,26.6667,67.5,97,100,0.74,light rain
327,Upernavik,GL,72.7868,-56.1549,19.76,66,100,27.45,overcast clouds
328,Koumac,NC,-20.5667,164.2833,79.79,81,100,3.94,light rain
329,Jalu,LY,29.0331,21.5482,56.61,64,65,7.78,broken clouds
330,Porto Belo,BR,-27.1578,-48.5531,76.95,96,100,4.63,overcast clouds
331,Bagh,IN,22.3667,74.7667,65.95,52,41,4.36,scattered clouds
332,Guararapes,BR,-21.2608,-50.6428,74.48,77,100,2.55,overcast clouds
333,Tonantins,BR,-2.8731,-67.8022,72.73,97,88,0.47,moderate rain
334,Gualeguay,AR,-33.1416,-59.3097,64.94,45,0,7.92,clear sky
335,Oeiras Do Para,BR,-2.0031,-49.8544,73.58,96,100,1.34,overcast clouds
336,Vardo,NO,70.3705,31.1107,28.38,86,100,4.61,overcast clouds
337,Ugoofaaru,MV,5.6667,73.0,80.08,76,86,3.76,overcast clouds
338,Luderitz,NA,-26.6481,15.1594,58.62,73,4,15.41,clear sky
339,Hami,CN,42.8,93.45,20.16,52,0,5.3,clear sky
340,Balaghat,IN,21.8,80.1833,62.42,64,18,4.07,few clouds
341,Bonavista,CA,48.6499,-53.1147,33.8,74,50,12.12,scattered clouds
342,Nome,US,64.5011,-165.4064,33.87,93,100,13.8,light rain
343,Zhigansk,RU,66.7697,123.3711,-20.47,98,100,18.54,light snow
344,Foso,GH,5.7012,-1.2866,72.23,96,74,2.01,broken clouds
345,Richards Bay,ZA,-28.783,32.0377,68.11,80,100,5.14,overcast clouds
346,Lahaina,US,20.8783,-156.6825,82.4,82,38,7.2,scattered clouds
347,Barra Patuca,HN,15.8,-84.2833,77.65,85,20,12.01,moderate rain
348,Kirkwood,US,38.5834,-90.4068,31.59,63,75,3.44,broken clouds
349,Tainan,TW,22.9908,120.2133,78.58,69,75,6.91,haze
350,Qaanaaq,GL,77.484,-69.3632,-0.09,85,100,2.06,overcast clouds
351,Baykit,RU,61.67,96.37,-18.49,100,66,2.55,broken clouds
352,Dunmore East,IE,52.1514,-6.9861,42.24,77,100,14.03,overcast clouds
353,Nata,PA,8.3333,-80.5167,76.87,86,11,7.11,few clouds
354,Hasaki,JP,35.7333,140.8333,54.28,49,70,6.69,broken clouds
355,Itarema,BR,-2.9248,-39.9167,79.5,79,19,16.46,few clouds
356,Padang,ID,-0.9492,100.3543,73.45,92,100,4.56,moderate rain
357,Uyuni,BO,-20.4597,-66.825,45.91,27,0,1.79,clear sky
358,Port Hedland,AU,-20.3167,118.5667,104.05,21,17,11.5,few clouds
359,Ulladulla,AU,-35.35,150.4667,74.62,49,0,14.2,clear sky
360,Boca Do Acre,BR,-8.7522,-67.3978,75.9,76,100,1.83,overcast clouds
361,Maceio,BR,-9.6658,-35.7353,74.64,94,20,5.75,few clouds
362,Chara,RU,56.9064,118.2631,-10.53,79,42,3.69,scattered clouds
363,Lompoc,US,34.6391,-120.4579,61.59,95,100,9.22,overcast clouds
364,Darnah,LY,32.767,22.6367,60.82,82,0,10.0,clear sky
365,Praia,CV,14.9215,-23.5087,70.34,64,20,4.61,few clouds
366,Malbug,PH,9.7327,123.3402,87.26,76,63,11.48,broken clouds
367,Vila Do Maio,CV,15.1333,-23.2167,70.59,61,100,4.59,overcast clouds
368,Aras,ES,42.5617,-2.356,32.41,100,100,4.61,mist
369,Uruguaiana,BR,-29.7547,-57.0883,71.53,88,40,6.91,scattered clouds
370,Veshenskaya,RU,49.6303,41.7334,15.69,55,13,12.53,few clouds
371,Ahipara,NZ,-35.1667,173.1667,67.1,60,4,8.86,clear sky
372,Asau,RO,46.4333,26.4,29.32,97,100,2.86,overcast clouds
373,Karratha,AU,-20.7377,116.8463,96.49,27,2,9.6,clear sky
374,Palang,BD,23.2167,90.35,68.16,67,0,6.29,clear sky
375,Bokoro,TD,12.3807,17.0568,76.53,23,100,10.65,overcast clouds
376,Tarakan,ID,3.3,117.6333,80.62,74,100,3.74,overcast clouds
377,Carnarvon,AU,-24.8667,113.6333,75.13,64,14,12.21,few clouds
378,Katherine,AU,-14.4667,132.2667,93.52,40,99,9.22,overcast clouds
379,Joshimath,IN,30.5667,79.5667,45.9,17,0,8.97,clear sky
380,Gorontalo,ID,0.5412,123.0595,84.88,71,100,2.68,overcast clouds
381,Mehamn,NO,71.0357,27.8492,26.51,80,40,20.71,scattered clouds
382,Pankrushikha,RU,53.8319,80.3406,-9.13,99,89,3.62,overcast clouds
383,Tongzi,CN,28.7829,105.0877,46.8,73,100,0.45,overcast clouds
384,Lokosovo,RU,61.1333,74.8167,8.83,98,96,3.6,overcast clouds
385,Mmabatho,ZA,-25.85,25.6333,69.46,24,0,7.58,clear sky
386,Wattegama,LK,6.7989,81.4808,76.21,83,100,3.78,overcast clouds
387,Kungurtug,RU,50.5994,97.5228,-17.86,93,17,1.43,few clouds
388,Ilulissat,GL,69.2167,-51.1,26.62,68,100,16.11,overcast clouds
389,Varzea Da Palma,BR,-17.5981,-44.7308,66.99,90,100,2.24,overcast clouds
390,Honiara,SB,-9.4333,159.95,82.26,81,100,4.38,overcast clouds
391,Machilipatnam,IN,16.1667,81.1333,76.8,85,1,7.45,clear sky
392,Mount Gambier,AU,-37.8333,140.7667,86.25,23,100,10.69,overcast clouds
393,Kalabo,ZM,-14.97,22.6814,68.52,39,28,4.16,scattered clouds
394,Farah,AF,32.5,62.5,43.11,43,6,0.85,clear sky
395,San Roque,ES,36.2107,-5.3842,59.83,82,75,2.3,broken clouds
396,Hearst,CA,49.6835,-83.6665,1.65,81,100,7.2,overcast clouds
397,Kahului,US,20.8947,-156.47,82.42,68,40,14.97,scattered clouds
398,Irbil,IQ,36.1926,44.0106,44.42,100,100,0.0,fog
399,Luganville,VU,-15.5333,167.1667,87.17,66,100,11.36,overcast clouds
400,Scarborough,GB,54.2797,-0.4044,42.66,86,100,4.0,overcast clouds
401,Chizhou,CN,30.6578,117.4831,42.73,92,100,9.04,overcast clouds
402,Monte Patria,CL,-30.6919,-70.9467,71.31,39,0,1.5,clear sky
403,Alofi,NU,-19.0595,-169.9187,85.89,70,91,8.05,overcast clouds
404,Inuvik,CA,68.3499,-133.7218,13.06,79,75,20.71,light snow
405,Khanpur,PK,28.6453,70.6567,58.28,31,0,6.4,clear sky
406,Oistins,BB,13.0667,-59.5333,78.89,78,40,11.5,scattered clouds
407,Do Gonbadan,IR,30.3586,50.7981,55.49,67,40,2.3,scattered clouds
408,Zhigalovo,RU,54.8097,105.1578,2.89,95,100,3.4,overcast clouds
409,Bandarbeyla,SO,9.4942,50.8122,76.6,69,11,16.4,few clouds
410,Shubarkuduk,KZ,49.1447,56.4872,6.55,74,0,9.64,clear sky
411,Sabang,ID,5.8933,95.3214,80.91,70,100,2.08,moderate rain
412,Zolotkovo,RU,55.5281,41.1053,10.35,90,55,4.94,broken clouds
413,Faanui,PF,-16.4833,-151.75,80.74,77,20,18.14,light rain
414,Charters Towers,AU,-20.1,146.2667,83.14,33,0,7.49,clear sky
415,Lorengau,PG,-2.0226,147.2712,81.95,78,100,6.55,overcast clouds
416,Iqaluit,CA,63.7506,-68.5145,15.53,66,75,13.8,light snow
417,San Cristobal,VE,7.7669,-72.225,68.18,97,92,3.27,overcast clouds
418,Katangli,RU,51.7102,143.2326,-1.35,76,11,12.12,few clouds
419,Lukiv,UA,51.0521,25.4006,33.19,92,96,12.17,overcast clouds
420,Roald,NO,62.5833,6.1333,34.75,74,0,9.22,clear sky
421,Vao,NC,-22.6667,167.4833,75.88,91,100,6.71,overcast clouds
422,Shimoda,JP,34.6667,138.95,62.96,58,64,24.61,broken clouds
423,Naryan-Mar,RU,67.6713,53.087,7.79,96,29,7.18,scattered clouds
424,Millinocket,US,45.6573,-68.7098,51.91,100,100,3.44,overcast clouds
425,Sarkand,KZ,45.41,79.9186,19.74,72,100,5.17,overcast clouds
426,Nsanje,MW,-16.92,35.262,74.89,65,0,1.19,clear sky
427,Gobabis,NA,-22.45,18.9667,73.13,18,6,11.48,clear sky
428,Alyangula,AU,-13.8483,136.4192,87.53,55,100,6.96,overcast clouds
429,Riacho De Santana,BR,-13.6092,-42.9389,68.92,80,100,5.68,overcast clouds
430,Morondava,MG,-20.2833,44.2833,77.95,68,61,3.36,broken clouds
431,Half Moon Bay,US,37.4636,-122.4286,51.91,96,100,5.75,light rain
432,Innisfail,AU,-17.5333,146.0333,78.08,71,69,7.72,broken clouds
433,Sakakah,SA,29.9697,40.2064,56.77,76,92,8.34,overcast clouds
434,Kavaratti,IN,10.5669,72.642,81.55,75,100,8.05,overcast clouds
435,San Carlos,VE,9.6612,-68.5827,72.19,84,100,3.78,overcast clouds
436,Bahia Honda,CU,22.9036,-83.1592,75.97,77,17,14.74,few clouds
437,Mogadishu,SO,2.0371,45.3438,79.93,79,52,12.95,broken clouds
438,Paine,CL,-33.8167,-70.75,76.71,46,42,1.59,scattered clouds
439,Contai,IN,21.7786,87.7536,64.53,39,0,8.86,clear sky
440,Limaong,PH,7.3606,122.3664,84.38,71,92,2.53,overcast clouds
441,Marzuq,YE,14.4,46.4667,57.94,49,0,2.1,clear sky
442,Lysa Hora,UA,48.1706,31.1099,26.33,67,23,11.74,few clouds
443,Matamoros,MX,25.5333,-103.25,76.1,35,5,10.92,clear sky
444,Tias,ES,28.9611,-13.645,58.68,94,0,3.44,clear sky
445,Portmarnock,IE,53.4231,-6.1375,46.09,81,75,11.5,broken clouds
446,Reconquista,AR,-29.15,-59.65,72.88,64,0,6.53,clear sky
447,Rosetta,EG,31.4044,30.4164,64.67,68,0,11.72,clear sky
448,Campbell River,CA,50.0163,-125.2446,31.53,100,20,2.3,fog
449,Welkom,ZA,-27.9864,26.7066,67.46,40,0,0.43,clear sky
450,Omboue,GA,-1.5746,9.2618,74.08,95,100,4.72,moderate rain
451,Shenzhen,CN,22.5455,114.0683,70.21,86,99,6.06,overcast clouds
452,Suntar,RU,62.1444,117.6319,7.9,92,100,10.2,overcast clouds
453,Cururupu,BR,-1.8283,-44.8683,74.44,90,79,1.74,broken clouds
454,Bandiagara,ML,14.3501,-3.6104,77.43,37,72,4.88,broken clouds
455,Douentza,ML,14.9951,-2.9517,78.26,25,72,3.91,broken clouds
456,Les Cayes,HT,18.2,-73.75,75.06,78,0,8.57,clear sky
457,Ban Nahin,LA,18.2418,104.2122,77.86,66,89,2.91,overcast clouds
458,Black River,JM,18.0264,-77.8487,75.07,83,0,6.67,clear sky
459,Kuruman,ZA,-27.4524,23.4325,66.83,12,0,4.63,clear sky
460,Bathsheba,BB,13.2167,-59.5167,79.41,89,40,11.5,scattered clouds
461,Puerto Baquerizo Moreno,EC,-0.9,-89.6,69.96,83,95,10.2,overcast clouds
462,Syamzha,RU,60.0158,41.0614,10.13,92,98,5.77,overcast clouds
463,Mecca,SA,21.4267,39.8261,75.25,75,81,3.91,broken clouds
464,Juneau,US,58.3019,-134.4197,29.21,97,20,0.0,few clouds
465,Odweyne,SO,9.4092,45.064,63.61,43,7,11.43,clear sky
466,Kieta,PG,-6.2167,155.6333,83.48,74,98,5.48,light rain
467,Canby,US,45.2629,-122.6926,40.5,61,77,8.72,broken clouds
468,Saint-Georges,GD,12.0564,-61.7485,76.35,84,97,8.14,light rain
469,Jiangyou,CN,31.7667,104.7167,46.69,65,40,1.45,scattered clouds
470,Houston,US,29.7633,-95.3633,71.98,78,100,13.8,overcast clouds
471,Jacareacanga,BR,-6.2222,-57.7528,72.54,98,88,0.65,overcast clouds
472,Moranbah,AU,-22.0016,148.0466,81.14,37,0,13.4,clear sky
473,Bojnurd,IR,37.4747,57.329,40.95,87,100,9.22,light intensity drizzle
474,Sassandra,CI,4.95,-6.0833,73.74,94,98,4.05,overcast clouds
475,Tocopilla,CL,-22.092,-70.1979,68.5,61,2,5.68,clear sky
476,Sao Mateus,BR,-18.7161,-39.8589,70.02,97,100,3.69,overcast clouds
477,Cartagena Del Chaira,CO,1.3349,-74.8429,73.56,82,98,3.15,overcast clouds
478,Yulara,AU,-25.2406,130.9889,96.06,9,0,9.82,clear sky
479,Obo,CF,5.3998,26.4869,69.96,44,67,3.29,broken clouds
480,Port Augusta,AU,-32.5,137.7667,98.1,11,52,10.38,broken clouds
481,Sandwick,GB,60.0,-1.25,42.62,75,75,12.66,broken clouds
482,Semey,KZ,50.4111,80.2275,-14.58,76,77,6.71,mist
483,The Pas,CA,53.8251,-101.2541,-5.78,77,0,5.75,clear sky
484,Ca Mau,VN,9.1769,105.15,80.98,85,92,12.71,overcast clouds
485,Ponta Delgada,PT,37.7333,-25.6667,59.72,77,40,25.32,light rain
486,Angoche,MZ,-16.2325,39.9086,76.48,85,8,9.89,clear sky
487,Saskylakh,RU,71.9167,114.0833,10.42,93,100,23.91,snow
488,Sampit,ID,-2.5333,112.95,81.54,74,100,2.51,overcast clouds
489,Maksatikha,RU,57.797,35.8825,17.06,91,100,7.23,overcast clouds
490,Saalfeld,DE,50.65,11.3667,36.28,98,100,3.62,overcast clouds
491,Geraldton,AU,-28.7667,114.6,75.61,64,100,3.44,overcast clouds
492,Sao Joao Da Barra,BR,-21.6403,-41.0511,72.73,91,100,16.71,light rain
493,Port Hardy,CA,50.6996,-127.4199,30.38,100,20,2.3,few clouds
494,Tomatlan,MX,19.9333,-105.25,73.31,86,11,0.51,few clouds
495,Petropavlovsk-Kamchatskiy,RU,53.0452,158.6483,10.99,85,100,11.18,shower snow
496,Vila,PT,42.0304,-8.1588,29.28,90,0,3.78,clear sky
497,Nahariyya,IL,33.0059,35.0941,60.04,54,80,7.25,broken clouds
498,Talakan,RU,50.3167,130.3667,-13.99,92,91,4.05,overcast clouds
499,Vung Tau,VN,10.346,107.0843,81.43,77,100,16.69,overcast clouds
500,Nola,IT,40.922,14.5329,58.86,88,100,4.41,overcast clouds
501,Salamiyah,SY,35.0113,37.0532,53.78,66,99,2.35,overcast clouds
502,Sao Felix Do Xingu,BR,-6.6447,-51.995,71.46,99,100,1.59,overcast clouds
503,Miandoab,IR,36.9694,46.1027,38.3,78,15,4.7,few clouds
504,Gizo,SB,-8.103,156.8419,83.48,69,87,1.7,light rain
505,Quatre Cocos,MU,-20.2078,57.7625,73.51,76,25,8.08,scattered clouds
506,Esil,KZ,51.9556,66.4042,-7.44,90,5,5.68,clear sky
507,Vostok,RU,46.4856,135.8833,-5.17,90,100,12.5,overcast clouds
508,Masakin,TN,35.7292,10.5808,55.6,66,20,4.61,few clouds
509,Polunochnoye,RU,60.8697,60.4153,8.83,92,100,3.65,overcast clouds
510,Raudeberg,NO,61.9875,5.1352,32.67,63,25,3.0,scattered clouds
511,Cicero Dantas,BR,-10.6,-38.3833,68.54,96,84,4.97,broken clouds
512,Lukovetskiy,RU,64.2956,41.9211,12.43,93,31,5.57,scattered clouds
513,Wawa,NG,9.9022,4.4192,77.11,40,38,2.62,scattered clouds
514,Pueblo,US,38.2545,-104.6091,43.45,43,0,4.61,clear sky
515,Kattivakkam,IN,13.2167,80.3167,78.89,79,72,10.02,broken clouds
516,Fort Nelson,CA,58.8053,-122.7002,11.79,85,75,3.44,broken clouds
517,Vallenar,CL,-28.5708,-70.7581,69.87,50,0,3.18,clear sky
518,Walvis Bay,NA,-22.9575,14.5053,58.08,87,0,3.49,clear sky
519,Dolores,AR,-36.3132,-57.6792,56.7,77,0,7.2,light rain
520,Bradford,GB,53.7939,-1.7521,39.06,91,78,6.87,broken clouds
521,Strezhevoy,RU,60.7333,77.5889,2.88,99,92,2.33,overcast clouds
522,Road Town,VG,18.4167,-64.6167,78.89,78,40,5.75,scattered clouds
523,Chengde,CN,40.9725,117.9361,18.23,27,0,3.91,clear sky
524,Nakamura,JP,32.9833,132.9333,52.41,95,100,4.88,overcast clouds
525,Salur,IN,18.5333,83.2167,72.93,84,5,1.25,clear sky
526,Kargasok,RU,59.0556,80.8572,4.37,97,100,3.91,overcast clouds
527,Basi,IN,26.8333,76.0333,53.94,50,0,3.0,clear sky
528,Santa Cruz De Tenerife,ES,28.4682,-16.2546,64.62,79,75,3.44,broken clouds
529,Pitkyaranta,RU,61.5734,31.4792,28.9,93,100,13.87,light snow
530,Benghazi,LY,32.1167,20.0667,62.13,61,11,17.47,few clouds
531,Koscierzyna,PL,54.1223,17.9812,31.91,96,100,6.91,overcast clouds
532,Caracuaro,MX,19.0106,-101.1264,75.6,54,0,5.1,clear sky
533,Taoudenni,ML,22.6783,-3.9836,70.48,19,0,6.11,clear sky
534,Altdorf,DE,49.3875,11.3572,34.12,94,94,7.96,overcast clouds
535,Waingapu,ID,-9.6567,120.2641,85.84,56,100,8.46,overcast clouds
536,Awassa,ET,7.05,38.4667,62.4,59,98,7.38,overcast clouds
537,Sidhi,IN,24.4167,81.8833,58.66,55,6,2.39,clear sky
538,Avera,US,33.194,-82.5271,62.11,92,87,5.86,overcast clouds
539,Eustis,US,28.8528,-81.6853,69.85,83,75,0.0,broken clouds
540,Cairns,AU,-16.9167,145.7667,91.06,51,40,10.36,scattered clouds
541,Yar-Sale,RU,66.8333,70.8333,25.47,91,100,11.9,overcast clouds
542,Korem,ET,12.5058,39.5228,45.59,59,2,1.57,clear sky
543,Sumenep,ID,-7.0167,113.8667,84.2,68,93,5.5,overcast clouds
544,Samagaltay,RU,50.6022,95.0047,-16.82,90,33,0.74,scattered clouds
545,San Miguelito,PA,9.0333,-79.5,78.89,78,20,6.91,few clouds
546,Mrakovo,RU,52.7161,56.6244,-6.97,98,35,4.29,scattered clouds
547,Ayan,RU,56.45,138.1667,-4.41,74,99,15.52,overcast clouds
548,Ixtapa,MX,20.7,-105.2,78.22,79,78,1.88,broken clouds
549,Marsa Matruh,EG,31.3525,27.2453,57.4,82,40,3.44,scattered clouds
550,Nushki,PK,29.5542,66.0215,44.17,49,0,2.77,clear sky
551,Nelson Bay,AU,-32.7167,152.15,75.25,63,86,10.0,overcast clouds
552,Kon Tum,VN,14.35,108.0,77.13,66,100,6.51,overcast clouds
553,Belyy Yar,RU,53.6039,91.3903,-14.91,80,75,0.0,mist
554,Zharkent,KZ,44.1628,80.0,23.04,69,100,3.53,overcast clouds
555,Cocachacra,PE,-17.0883,-71.7575,66.88,85,12,4.21,few clouds
556,Kruisfontein,ZA,-34.0033,24.7314,60.89,82,100,3.38,overcast clouds
557,Saint-Pierre,RE,-21.3393,55.4781,74.88,73,0,4.61,clear sky
558,Shillong,IN,25.5689,91.8831,55.54,45,0,0.51,clear sky
559,Synya,RU,65.3718,58.0387,0.32,99,100,1.3,overcast clouds
560,Nioro,GM,13.35,-15.75,69.24,69,77,5.23,broken clouds
561,Khandbari,NP,27.3747,87.2039,59.95,54,0,1.1,clear sky
562,Bonfim,BR,3.0833,-59.95,77.32,82,100,8.3,heavy intensity rain
563,Ambon,ID,-3.6954,128.1814,86.14,74,20,4.61,few clouds
564,Nassau,US,40.7507,-73.5829,53.65,66,5,11.01,clear sky
565,Gold Coast,AU,-28.0,153.4333,79.25,79,52,17.54,light rain
566,Vestmannaeyjar,IS,63.4427,-20.2734,42.06,72,47,2.37,scattered clouds
567,Porto Torres,IT,40.835,8.3972,46.58,80,14,6.08,few clouds
568,Pecos,US,31.4229,-103.4932,51.87,57,0,0.0,clear sky
569,Diffa,NE,13.3154,12.6113,74.07,35,19,9.6,few clouds
570,Bollnas,SE,61.3482,16.3946,20.32,96,88,2.68,overcast clouds
571,Rio Gallegos,AR,-51.6226,-69.2181,48.25,40,40,14.97,scattered clouds
572,Marawi,PH,7.9986,124.2928,79.79,65,23,4.56,few clouds
573,Dharchula,IN,29.85,80.5333,52.36,21,0,8.05,clear sky
574,Calatayud,ES,41.3535,-1.6432,47.55,91,56,1.68,broken clouds
575,Ketchikan,US,55.3422,-131.6461,33.78,69,0,6.91,clear sky
576,Cabedelo,BR,-6.9811,-34.8339,77.67,78,26,14.38,scattered clouds
577,Moshenskoye,RU,58.5102,34.5911,18.59,92,100,8.59,overcast clouds
578,Temir,KZ,49.1414,57.13,4.96,78,0,10.6,clear sky
579,Hanchuan,CN,30.65,113.7667,42.91,62,96,14.36,overcast clouds
580,Oytal,KZ,42.9057,73.2697,25.84,66,100,1.68,overcast clouds
581,Lovozero,RU,68.005,35.0117,14.74,96,78,4.97,broken clouds
582,Beitbridge,ZW,-22.2167,30.0,73.08,81,5,20.98,clear sky
583,Payo,ID,-3.7508,103.6372,80.76,76,67,1.01,broken clouds
584,Haines Junction,CA,60.7522,-137.5108,3.15,85,18,2.3,few clouds
585,Tailai,CN,46.3833,123.4,5.88,60,0,9.37,clear sky
586,Atambua,ID,-9.1061,124.8925,84.81,50,49,4.09,scattered clouds
587,Vila Franca Do Campo,PT,37.7167,-25.4333,59.41,79,98,25.79,light rain
588,Waipawa,NZ,-41.4122,175.5153,66.88,52,10,0.85,clear sky
589,Tura,IN,25.5198,90.2201,65.16,76,0,2.04,clear sky
590,Boa Esperanca,BR,-21.09,-45.5658,67.28,92,100,4.09,light rain
591,Bengkulu,ID,-3.8004,102.2655,80.2,74,44,2.55,scattered clouds
592,Kaohsiung,TW,22.6163,120.3133,78.75,76,20,4.61,haze
593,Provost,CA,52.3501,-110.2683,7.25,82,33,9.53,scattered clouds
594,Te Anau,NZ,-45.4167,167.7167,53.83,79,100,6.4,overcast clouds
595,Nagaoka,JP,37.45,138.85,47.64,92,100,5.73,light rain
596,Fort Portal,UG,0.6617,30.2748,62.38,78,100,0.47,overcast clouds
597,Minuri,PH,16.535,121.8574,82.17,73,96,2.89,overcast clouds
598,Lumphat,KH,13.4878,106.9816,78.1,72,100,6.42,overcast clouds
599,Kailua,US,21.4022,-157.7394,84.18,76,25,5.99,scattered clouds
600,Shahr-E Babak,IR,30.1165,55.1186,43.54,53,10,6.06,clear sky
601,Kiruna,SE,67.8557,20.2251,20.32,86,100,3.44,overcast clouds
602,Warrnambool,AU,-38.3833,142.4833,77.22,53,69,9.26,broken clouds
603,Laguna,US,38.421,-121.4238,53.17,94,100,6.91,moderate rain
604,Celestun,MX,20.8667,-90.4,77.49,79,3,19.15,clear sky
605,Pio Ix,BR,-6.8375,-40.5792,75.67,54,93,6.71,overcast clouds
606,Leningradskiy,RU,69.3833,178.4167,11.7,86,100,13.22,light snow
607,Rudbar,AF,30.15,62.6,47.07,36,3,0.47,clear sky
608,Ilo,PE,-17.6394,-71.3375,67.3,82,2,7.76,clear sky
609,Severo-Yeniseyskiy,RU,60.3725,93.0408,-17.19,100,75,3.83,broken clouds
610,Rogers,US,36.3668,-95.5836,36.93,54,40,6.91,scattered clouds
611,Mnogovershinnyy,RU,53.9353,139.9242,-7.19,87,91,14.32,overcast clouds
612,Kyaukse,MM,21.6,96.1333,77.34,62,1,2.91,clear sky
613,Grivenskaya,RU,45.6473,38.176,26.33,66,26,20.96,scattered clouds
614,Hokitika,NZ,-42.7167,170.9667,60.24,67,100,13.06,overcast clouds
615,Shadrinsk,RU,56.0852,63.6335,-0.96,94,68,7.83,broken clouds
616,Lincoln,US,40.8,-96.667,30.11,53,0,12.66,clear sky
617,Banda Aceh,ID,5.5577,95.3222,79.54,76,100,2.46,overcast clouds
618,Iracoubo,GF,5.4802,-53.2011,75.97,88,98,7.67,overcast clouds
619,Tabou,CI,4.423,-7.3528,75.97,88,100,3.56,overcast clouds
620,Altamont,US,42.2068,-121.7372,38.98,81,100,13.8,overcast clouds
621,Kosonsoy,UZ,41.2561,71.5508,28.96,53,100,3.89,overcast clouds
622,Nossa Senhora Da Gloria,BR,-10.2183,-37.4203,70.68,93,76,6.8,light rain
623,Dicabisagan,PH,17.0818,122.4157,82.83,73,81,4.43,broken clouds
624,Yebaishou,CN,41.3975,119.6408,16.39,29,0,4.88,clear sky
625,Novo Aripuana,BR,-5.1206,-60.3797,73.71,96,99,2.39,overcast clouds
626,Ilebo,CD,-4.3167,20.5833,69.87,99,100,1.21,light rain
627,Saint-Augustin,CA,51.226,-58.6502,33.98,82,100,17.56,overcast clouds
628,San Policarpo,PH,12.1791,125.5072,81.66,86,95,9.26,overcast clouds
629,Vanavara,RU,60.34,102.2797,-10.55,99,83,6.13,broken clouds
630,Aksarka,RU,66.5606,67.7975,5.45,94,80,3.11,broken clouds
631,Pak Phanang,TH,8.3511,100.202,78.82,91,100,9.51,light rain
632,Qaqortoq,GL,60.7167,-46.0333,14.41,84,5,7.87,clear sky
633,Surovikino,RU,48.6078,42.8486,15.48,50,7,13.76,clear sky
634,Bhanvad,IN,21.9264,69.7736,67.86,37,1,8.34,clear sky
635,Aksu,CN,41.1231,80.2644,22.12,27,100,3.2,overcast clouds
636,Hamilton,US,39.1834,-84.5333,34.74,73,40,0.0,scattered clouds
637,Eslov,SE,55.8393,13.3039,34.83,92,100,12.35,overcast clouds
638,Sayat,TM,38.7839,63.8803,30.07,37,100,9.62,overcast clouds
639,Cabra,ES,37.4725,-4.4421,51.37,76,96,5.68,overcast clouds
640,Ostersund,SE,63.1792,14.6357,20.61,100,100,27.0,mist
641,Phangnga,TH,8.4509,98.5298,78.84,97,100,5.08,overcast clouds
642,Mindelo,CV,16.8901,-24.9804,67.55,68,40,6.91,scattered clouds
643,San Fernando,PH,15.0286,120.6898,82.13,61,100,9.91,overcast clouds
644,Minab,IR,27.1467,57.0801,61.12,77,3,0.0,clear sky
645,Baragua,CU,21.6967,-78.6328,77.88,58,100,15.48,overcast clouds
646,Hadejia,NG,12.4498,10.0444,73.26,24,73,9.53,broken clouds
647,Mormugao,IN,15.4,73.8,77.9,76,100,4.32,overcast clouds
648,Talcahuano,CL,-36.7167,-73.1167,60.48,72,0,12.66,clear sky
649,Comodoro Rivadavia,AR,-45.8667,-67.5,66.06,27,0,18.41,clear sky
650,Savinka,RU,50.0785,47.0994,11.93,63,0,9.31,clear sky
651,Abalak,RU,58.1286,68.5944,8.44,95,100,6.29,light snow
652,Mandurah,AU,-32.55,115.7,76.87,55,2,14.85,clear sky
653,Atasu,KZ,48.6814,71.6433,6.46,96,100,4.94,overcast clouds
654,Iquitos,PE,-3.7481,-73.2472,77.04,83,75,3.44,broken clouds
655,Turukhansk,RU,65.8167,87.9833,-15.45,99,95,4.03,overcast clouds
656,Yenagoa,NG,4.9247,6.2642,76.23,92,23,3.98,few clouds
657,Sunndalsora,NO,62.6754,8.5515,27.18,64,18,7.47,few clouds
658,Choix,MX,26.7092,-108.3219,76.93,38,100,3.31,overcast clouds
659,Beboto,TD,8.2668,16.939,74.08,27,100,3.51,overcast clouds
660,Pringsewu,ID,-5.3582,104.9744,78.71,78,100,4.56,overcast clouds
661,Maiduguri,NG,11.8464,13.1603,73.98,39,40,7.07,scattered clouds
662,Jiuquan,CN,39.7432,98.5174,19.69,64,100,1.5,overcast clouds
663,Samana,DO,19.2056,-69.3369,72.32,88,29,7.29,scattered clouds
664,Esna,EG,25.2934,32.554,59.02,42,69,6.31,broken clouds
665,Bayan,CN,46.0833,127.4,1.08,74,6,10.45,clear sky
666,Rjukan,NO,59.8789,8.5941,16.7,97,80,3.65,broken clouds
667,Verkhoyansk,RU,67.5447,133.385,-10.19,99,100,4.25,overcast clouds
668,Lucera,IT,41.5082,15.3351,53.42,88,100,5.99,overcast clouds
669,Eregli,TR,37.5133,34.0467,41.49,75,91,0.56,overcast clouds
670,Visnes,NO,59.3556,5.2242,36.21,64,5,9.22,clear sky
671,Waddan,LY,29.1614,16.139,62.71,33,1,9.13,clear sky
672,Bahia Blanca,AR,-38.7196,-62.2724,78.3,41,1,1.99,clear sky
673,Kutahya,TR,39.4242,29.9833,40.42,94,100,3.87,overcast clouds
674,Norrkoping,SE,58.5942,16.1826,31.98,73,100,12.66,overcast clouds
675,Zelenyy Bor,RU,53.6667,91.6667,-14.78,80,20,1.25,few clouds
676,Miraflores,MX,19.2167,-98.8083,62.98,79,33,4.94,scattered clouds
677,Bakel,SN,14.905,-12.4568,77.95,19,59,8.1,broken clouds
678,Merano,IT,46.6682,11.1595,47.57,95,88,1.45,overcast clouds
679,Rocha,UY,-34.4833,-54.3333,60.73,97,62,3.29,broken clouds
680,Saint George,US,37.1041,-113.5841,55.94,46,0,8.05,clear sky
681,Mao,ES,39.8885,4.2658,50.56,93,0,6.91,clear sky
682,Praia Da Vitoria,PT,38.7333,-27.0667,59.25,77,75,34.4,broken clouds
683,High Rock,BS,26.6208,-78.2833,68.02,62,38,15.26,scattered clouds
684,Oak Ridge,US,36.0104,-84.2696,52.45,86,0,0.0,clear sky
685,Nanortalik,GL,60.1432,-45.2371,23.92,79,3,12.91,clear sky
686,Tazovskiy,RU,67.4667,78.7,-11.06,98,76,4.14,broken clouds
687,Sao Gabriel,BR,-30.3364,-54.32,69.84,92,61,8.39,broken clouds
688,Baracoa,CU,20.3467,-74.4958,75.96,81,37,15.32,scattered clouds
689,Mobaye,CF,4.319,21.1786,69.8,50,51,3.74,broken clouds
690,Seddon,AU,-37.8068,144.8916,93.88,32,0,20.71,clear sky
691,Marfino,RU,55.7028,37.3822,16.05,85,40,8.95,scattered clouds
692,Stary Sacz,PL,49.5636,20.635,33.96,92,99,6.6,overcast clouds
693,Uyemskiy,RU,64.4743,40.8524,10.45,92,75,4.47,broken clouds
694,Tromso,NO,69.6496,18.957,28.42,80,5,11.5,clear sky
695,Aleksandrov Gay,RU,50.147,48.5704,12.63,63,0,9.31,clear sky
696,Yuksekova,TR,37.5736,44.2872,28.58,92,35,4.12,scattered clouds
697,Shelburne,CA,44.0787,-80.2041,29.75,71,96,14.94,overcast clouds
698,Egvekinot,RU,66.3167,-179.1667,15.06,91,100,16.44,snow
699,Luanda,AO,-8.8368,13.2343,78.8,83,40,5.75,scattered clouds
